"Data for CTMax analyses (Fig. 6 & 7, S10, Table S16)",,,,,,,,,,,,,,,,,,,,,,,,,,,,,,,,,,,,,
,,,,,,,,,,,,,,,,,,,,,,,,,,,,,,,,,,,,,
Order,Family,Genus3,Species3,Average of Safety,Average of Elevation,Log Average of Elevation,Average of Abs lat,Log Range,log SVL,Average of tmxslope,IUCN 2014risk,Average of Abs lat/10,log SVLx10,Average of tmxslope/100,Average of Safety/10,Average of ARR,LogARR,Log(ARR+1),Exclude Negative ARRs,,,,,,,,,,,,,,,,,,
Anura,Hylidae,Acris,crepitans,9.71010492,259.8,2.414639147,40.5539694,6.50635104,1.51851394,0.015395878,0,4.05539694,15.1851394,1.539587835,0.971010492,0.087741935,-1.05679279,0.036525872,,,,,,,,,,,,,,,,,,,
Anura,Hylidae,Acris,gryllus,5.8998016,35,1.544068044,28.538335,5.824127136,1.51851394,0.017347739,0,2.8538335,15.1851394,1.73477391,0.58998016,,,,,,,,,,,,,,,,,,,,,,
Anura,Myobatrachidae,Adelotus,brevis,7.1932354,304.7851265,2.48399377,33.42502,5.680532216,1.51851394,0.00705042,1,3.342502,15.1851394,0.705042017,0.71932354,,,,,,,,,,,,,,,,,,,,,,
Anura,Hylidae,Agalychnis,dacnicolor,-3.4758184,305,2.484299839,24,5.146905966,1.740362689,0.028510604,0,2.4,17.40362689,2.851060424,-0.34758184,,,,,,,,,,,,,,,,,,,,,,
Anura,Alsodidae,Alsodes,gargola,,1750,3.243038049,41.198611,4.013679697,1.875061263,0.023605042,0,4.1198611,18.75061263,2.360504202,,,,,,,,,,,,,,,,,,,,,,,
Anura,Alytidae,Alytes,cisternasii,,1756,3.244524512,37.378831,5.222172613,1.51851394,0.030292917,1,3.7378831,15.1851394,3.029291717,,,,,,,,,,,,,,,,,,,,,,,
Anura,Alytidae,Alytes,dickhilleni,,1756,3.244524512,37.378831,4.488113382,1.740362689,0.030292917,1,3.7378831,17.40362689,3.029291717,,,,,,,,,,,,,,,,,,,,,,,
Anura,Alytidae,Alytes,muletensis,,1756,3.244524512,37.378831,2.563481085,1.51851394,0.030292917,1,3.7378831,15.1851394,3.029291717,,,,,,,,,,,,,,,,,,,,,,,
Caudata,Ambystomatidae,Ambystoma,jeffersonianum,7.545875625,336.25,2.526662293,41.52005375,5.672215194,2.187520721,0.010783914,0,4.152005375,21.87520721,1.078391357,0.754587563,,,,,,,,,,,,,,,,,,,,,,
Caudata,Ambystomatidae,Ambystoma,laterale,10.1475461,30,1.477121255,44.97504,6.245959564,1.892094603,0.043668667,0,4.497504,18.92094603,4.366866747,1.01475461,,,,,,,,,,,,,,,,,,,,,,
Caudata,Ambystomatidae,Ambystoma,mabeei,7.3873516,21,1.322219295,34.58824,5.0493731,1.892094603,0.015567027,0,3.458824,18.92094603,1.556702681,0.73873516,,,,,,,,,,,,,,,,,,,,,,
Caudata,Ambystomatidae,Ambystoma,macrodactylum,6.368425533,1343.333333,3.128183791,45.62470267,6.157910772,2.06069784,0.014816993,0,4.562470267,20.6069784,1.481699346,0.636842553,0.094444444,-1.024823584,0.039193721,,,,,,,,,,,,,,,,,,,
Caudata,Ambystomatidae,Ambystoma,maculatum,6.63133276,251.8,2.401055726,37.689503,6.47556311,2.187520721,0.014771188,0,3.7689503,21.87520721,1.477118848,0.663133276,,,,,,,,,,,,,,,,,,,,,,
Caudata,Ambystomatidae,Ambystoma,opacum,6.3552673,111,2.045322979,35.994033,6.226239949,1.892094603,0.024533814,0,3.5994033,18.92094603,2.453381353,0.63552673,,,,,,,,,,,,,,,,,,,,,,
Caudata,Ambystomatidae,Ambystoma,talpoideum,7.0661154,4,0.602059991,32.776475,5.831547292,1.892094603,0.01577471,0,3.2776475,18.92094603,1.577470988,0.70661154,,,,,,,,,,,,,,,,,,,,,,
Caudata,Ambystomatidae,Ambystoma,tigrinum,6.528865044,1082.521739,3.034436627,36.58055874,6.635245926,2.423245874,0.02131256,0,3.658055874,24.23245874,2.131255981,0.652886504,0.150496011,-0.82247501,0.060885117,,,,,,,,,,,,,,,,,,,
Caudata,Ambystomatidae,Ambystoma,triseriata,,1508,3.178401342,40.575,6.534703179,1.51851394,0.02262385,0,4.0575,15.1851394,2.262384954,,,,,,,,,,,,,,,,,,,,,,,
Caudata,Amphiumidae,Amphiuma,means,5.6145663,6,0.77815125,29.742663,5.691832676,2.523746467,0.015170868,0,2.9742663,25.23746467,1.517086835,0.56145663,,,,,,,,,,,,,,,,,,,,,,
Anura,Bufonidae,Anaxyrus,americanus,11.85358158,224.6451613,2.351497069,36.28794471,6.751172134,2.053078443,0.014210433,0,3.628794471,20.53078443,1.421043256,1.185358158,0.095561429,-1.019717366,0.039636734,,,,,,,,,,,,,,,,,,,
Anura,Bufonidae,Anaxyrus,boreas,9.511452427,748.2727273,2.874059917,37.87399827,6.454245425,2.053078443,-0.013371058,1,3.787399827,20.53078443,-1.337105751,0.951145243,0.0934,-1.029653124,0.03877907,,,,,,,,,,,,,,,,,,,
Anura,Bufonidae,Anaxyrus,canorus,17.38557167,2743,3.438225808,37.911037,4.013258665,1.740362689,0.020884754,1,3.7911037,17.40362689,2.08847539,1.738557167,0.180952381,-0.742435698,0.072232386,,,,,,,,,,,,,,,,,,,
Anura,Bufonidae,Anaxyrus,cognatus,7.718380657,338.7142857,2.529833514,33.41289543,6.446244743,1.939519253,0.032392557,0,3.341289543,19.39519253,3.239255702,0.771838066,0.156,-0.806875402,0.062957834,,,,,,,,,,,,,,,,,,,
Anura,Bufonidae,Anaxyrus,compactilis,4.1246776,1524,3.182984967,22,5.44970513,1.812913357,0.030665466,0,2.2,18.12913357,3.066546619,0.41246776,0.12,-0.920818754,0.049218023,,,,,,,,,,,,,,,,,,,
Anura,Bufonidae,Anaxyrus,debilis,5.781758867,305,2.484299839,27,6.165077166,1.740362689,0.042442577,0,2.7,17.40362689,4.244257703,0.578175887,0.1344,-0.871600731,0.054766218,,,,,,,,,,,,,,,,,,,
Anura,Bufonidae,Anaxyrus,exsul,3.221559833,1524,3.182984967,38,2.017033339,1.740362689,0.013896759,1,3.8,17.40362689,1.38967587,0.322155983,0.08,-1.096910013,0.033423755,,,,,,,,,,,,,,,,,,,
Anura,Bufonidae,Anaxyrus,fowleri,10.4863991,375.2,2.57426283,42,6.299131678,1.740362689,0.026780712,0,4.2,17.40362689,2.678071228,1.04863991,0.155555556,-0.808114474,0.06279083,,,,,,,,,,,,,,,,,,,
Anura,Bufonidae,Anaxyrus,nelsoni,0.5089069,1524,3.182984967,36.908557,3.424718337,1.763427994,0.025156863,1,3.6908557,17.63427994,2.515686275,0.05089069,0.036,-1.443697499,0.015359755,,,,,,,,,,,,,,,,,,,
Anura,Bufonidae,Anaxyrus,terrestris,,128,2.10720997,33.322765,5.737276948,1.939519253,0.004402961,0,3.3322765,19.39519253,0.440296118,,0.263235,-0.579656367,0.10148415,,,,,,,,,,,,,,,,,,,
Anura,Bufonidae,Anaxyrus,woodhousii,13.39463158,174.972973,2.242970971,36.0075073,6.510626768,1.939519253,0.015684339,0,3.60075073,19.39519253,1.56843386,1.339463158,0.078442375,-1.105449266,0.032796944,,,,,,,,,,,,,,,,,,,
Caudata,Plethodontidae,Aneides,aeneus,7.111095,701,2.845718018,37.432664,5.24232025,1.892094603,0.012297319,1,3.7432664,18.92094603,1.229731893,0.7111095,,,,,,,,,,,,,,,,,,,,,,
Caudata,Plethodontidae,Aneides,ferreus,7.0779111,1411,3.149527014,41.966419,5.079608092,1.892094603,0.002942377,1,4.1966419,18.92094603,0.294237695,0.70779111,,,,,,,,,,,,,,,,,,,,,,
Anura,Ascaphidae,Ascaphus,truei,4.078807067,1280.5,3.107379583,45.69780575,5.482091435,1.51851394,0.017172269,0,4.569780575,15.1851394,1.717226891,0.407880707,0.1,-1,0.041392685,,,,,,,,,,,,,,,,,,,
Anura,Myobatrachidae,Assa,darlingtoni,4.0183098,761.9628162,2.881933778,28.241961,4.556688369,1.51851394,0.013794318,0,2.8241961,15.1851394,1.379431773,0.40183098,,,,,,,,,,,,,,,,,,,,,,
Caudata,Hynobiidae,Batrachuperus,tibetanus,3.8650763,1500,3.176091259,34.166667,5.399459117,1.892094603,0.026020408,1,3.4166667,18.92094603,2.602040816,0.38650763,,,,,,,,,,,,,,,,,,,,,,
Caudata,Hynobiidae,Batrachuperus,yenyuanensis,9.3309462,1600,3.204119983,28.683333,4.201915783,1.892094603,0.020388956,1,2.8683333,18.92094603,2.038895558,0.93309462,,,,,,,,,,,,,,,,,,,,,,
Anura,Bombinatoridae,Bombina,variegata,14.9967169,519,2.715167358,46.038889,6.153397131,1.740362689,0.023251301,0,4.6038889,17.40362689,2.325130052,1.49967169,,,,,,,,,,,,,,,,,,,,,,
Anura,Strabomantidae,Bryophryne,cophites,-2.4690538,3453,3.538196578,11.1833,2.42975228,1.51851394,0.007073629,1,1.11833,15.1851394,0.707362945,-0.24690538,,,,,,,,,,,,,,,,,,,,,,
Anura,Strabomantidae,Bryophryne,hanssaueri,-5.3690538,3347,3.524655712,11.1833,1.462397998,1.278753601,0.007073629,0,1.11833,12.78753601,0.707362945,-0.53690538,,,,,,,,,,,,,,,,,,,,,,
Anura,Strabomantidae,Bryophryne,nubilosus,-5.3690538,2860,3.456366033,11.1833,0.477121255,1.255272505,0.007073629,0,1.11833,12.55272505,0.707362945,-0.53690538,,,,,,,,,,,,,,,,,,,,,,
Anura,Rhacophoridae,Buergeria,japonica,,482.2222222,2.68324722,24.10685211,4.443826031,1.51851394,0.019772398,0,2.410685211,15.1851394,1.977239785,,0.080472611,-1.094351907,0.033613762,,,,,,,,,,,,,,,,,,,
Anura,Bufonidae,Bufo,bufo,,1756,3.244524512,37.378831,7.016360664,2.164352856,0.030292917,0,3.7378831,21.64352856,3.029291717,,,,,,,,,,,,,,,,,,,,,,,
Anura,Ceratophryidae,Ceratophrys,cranwelli,,102,2.008600172,25.316761,5.937465733,1.84509804,0.012514206,0,2.5316761,18.4509804,1.251420568,,,,,,,,,,,,,,,,,,,,,,,
Anura,Microhylidae,Cophixalus,ornatus,2.2216921,304.7851265,2.48399377,17.806672,4.169409898,1.51851394,0.016367747,0,1.7806672,15.1851394,1.63677471,0.22216921,0.11,-0.958607315,0.045322979,,,,,,,,,,,,,,,,,,,
Anura,Myobatrachidae,Crinia,parinsignifera,3.67597195,304.7851265,2.48399377,34.1273755,5.836595623,1.51851394,0.021591837,0,3.41273755,15.1851394,2.159183673,0.367597195,0.7,-0.15490196,0.230448921,,,,,,,,,,,,,,,,,,,
Anura,Myobatrachidae,Crinia,signifera,9.833980706,549.8360066,2.740233177,36.21470031,5.943522215,1.51851394,0.019319328,0,3.621470031,15.1851394,1.931932773,0.983398071,0.138333333,-0.859073158,0.056269453,,,,,,,,,,,,,,,,,,,
Anura,Hylodidae,Crossodactylus,schmidti,,312,2.494154594,27.087367,4.532423119,1.51851394,0.00282473,1,2.7087367,15.1851394,0.282472989,,,,,,,,,,,,,,,,,,,,,,,
Caudata,Cryptobranchidae,Cryptobranchus,alleganiensis,3.455026067,315,2.498310554,36.672006,5.709983585,2.523746467,0.010818327,1,3.6672006,25.23746467,1.081832733,0.345502607,0.1935,-0.713319031,0.076822423,,,,,,,,,,,,,,,,,,,
Anura,Dendrobatidae,Dendrobates,auratus,3.0405971,305,2.484299839,9.983333,5.049000821,1.51851394,0.017646259,0,0.9983333,15.1851394,1.76462585,0.30405971,,,,,,,,,,,,,,,,,,,,,,
Anura,Hylidae,Dendropsophus,labialis,18.93980033,2620,3.418301291,4.598056,4.507720977,1.51851394,0.004468988,0,0.4598056,15.1851394,0.44689876,1.893980033,0.06,-1.22184875,0.025305865,,,,,,,,,,,,,,,,,,,
Anura,Hylidae,Dendropsophus,minutus,,312,2.494154594,27.087367,7.044862422,1.51851394,0.00282473,0,2.7087367,15.1851394,0.282472989,,,,,,,,,,,,,,,,,,,,,,,
Anura,Microhylidae,Dermatonotus,muelleri,,102,2.008600172,25.316761,6.614226388,1.875061263,0.012514206,0,2.5316761,18.75061263,1.251420568,,,,,,,,,,,,,,,,,,,,,,,
Caudata,Plethodontidae,Desmognathus,fuscus,6.729347058,646.9166667,2.81084834,38.16429542,6.183118028,1.892094603,0.008877484,0,3.816429542,18.92094603,0.887748433,0.672934706,0.12,-0.920818754,0.049218023,,,,,,,,,,,,,,,,,,,
Caudata,Plethodontidae,Desmognathus,monticola,7.7503306,836.5,2.922465945,35.8565685,5.510425697,1.892094603,0.010969988,0,3.58565685,18.92094603,1.0969988,0.77503306,,,,,,,,,,,,,,,,,,,,,,
Caudata,Plethodontidae,Desmognathus,ochrophaeus,4.939745933,570.6666667,2.756382506,35.85599433,5.489222789,1.892094603,0.014915833,0,3.585599433,18.92094603,1.4915833,0.493974593,,,,,,,,,,,,,,,,,,,,,,
Caudata,Plethodontidae,Desmognathus,quadramaculatus,7.234178433,1050.833333,3.021533841,36.86894683,4.926347592,1.892094603,0.015558223,0,3.686894683,18.92094603,1.555822329,0.723417843,0.13,-0.886056648,0.053078443,,,,,,,,,,,,,,,,,,,
Caudata,Dicamptodontidae,Dicamptodon,tenebrosus,,790,2.897627091,43.158911,5.229387436,2.423245874,0.005152461,0,4.3158911,24.23245874,0.515246098,,,,,,,,,,,,,,,,,,,,,,,
Anura,Alytidae,Discoglossus,galganoi,,1756,3.244524512,37.378831,5.481069807,1.875061263,0.030292917,0,3.7378831,18.75061263,3.029291717,,,,,,,,,,,,,,,,,,,,,,,
Anura,Microhylidae,Elachistocleis,bicolor,,102,2.008600172,25.316761,6.197128597,1.51851394,0.012514206,0,2.5316761,15.1851394,1.251420568,,,,,,,,,,,,,,,,,,,,,,,
Anura,Eleutherodactylidae,Eleutherodactylus,coqui,7.989801125,357.5,2.553276046,18.348971,4.007235538,1.740362689,0.005232293,0,1.8348971,17.40362689,0.523229292,0.798980113,,,,,,,,,,,,,,,,,,,,,,
Anura,Eleutherodactylidae,Eleutherodactylus,cundalli,7.3125372,276,2.440909082,18.308113,3.800235789,1.568201724,0.010844738,1,1.8308113,15.68201724,1.08447379,0.73125372,0.06,-1.22184875,0.025305865,,,,,,,,,,,,,,,,,,,
Anura,Eleutherodactylidae,Eleutherodactylus,gossei,6.3625372,276,2.440909082,18.308113,3.932270776,1.397940009,0.010844738,0,1.8308113,13.97940009,1.08447379,0.63625372,-0.13,,-0.060480747,1,,,,,,,,,,,,,,,,,,
Anura,Eleutherodactylidae,Eleutherodactylus,johnstonei,9.9125372,276,2.440909082,18.308113,4.42280316,1.51851394,0.010844738,0,1.8308113,15.1851394,1.08447379,0.99125372,-0.06,,-0.026872146,1,,,,,,,,,,,,,,,,,,
Anura,Eleutherodactylidae,Eleutherodactylus,planirostris,10.6125372,276,2.440909082,18.308113,5.307393335,1.51851394,0.010844738,0,1.8308113,15.1851394,1.08447379,1.06125372,0.18,-0.744727495,0.071882007,,,,,,,,,,,,,,,,,,,
Anura,Eleutherodactylidae,Eleutherodactylus,portoricensis,8.00744296,300.4,2.477699928,18.3382038,3.325720858,1.51851394,0.005764466,1,1.83382038,15.1851394,0.576446579,0.800744296,,,,,,,,,,,,,,,,,,,,,,
Anura,Eleutherodactylidae,Eleutherodactylus,richmondi,7.3312438,472,2.673941999,18.295135,2.463892989,1.51851394,0.007893157,1,1.8295135,15.1851394,0.789315726,0.73312438,,,,,,,,,,,,,,,,,,,,,,
Caudata,Plethodontidae,Ensatina,eschscholtzii,2.3496528,1017,3.007320953,41.129328,5.511922112,1.892094603,0.004310524,0,4.1129328,18.92094603,0.431052421,0.23496528,,,,,,,,,,,,,,,,,,,,,,
Anura,Bufonidae,Epidalea,calamita,,1756,3.244524512,37.378831,6.356163968,1.875061263,0.030292917,0,3.7378831,18.75061263,3.029291717,,,,,,,,,,,,,,,,,,,,,,,
Caudata,Plethodontidae,Eurycea,bislineata,6.016039075,442.3333333,2.645749668,39.20585417,6.077704671,1.892094603,0.004621782,0,3.920585417,18.92094603,0.462178205,0.601603908,,,,,,,,,,,,,,,,,,,,,,
Caudata,Plethodontidae,Eurycea,longicauda,7.04046955,622.5,2.794139356,37.0606445,5.928570457,2.187520721,0.01260004,0,3.70606445,21.87520721,1.260004002,0.704046955,1.005295,0.002293523,0.302178271,,,,,,,,,,,,,,,,,,,
Caudata,Plethodontidae,Eurycea,lucifuga,6.79317955,634,2.802089258,37.372976,5.652705541,2.187520721,0.01507483,0,3.7372976,21.87520721,1.507482993,0.679317955,0.408005,-0.389334515,0.148604197,,,,,,,,,,,,,,,,,,,
Caudata,Plethodontidae,Eurycea,nana,2.4966177,200,2.301029996,29.891328,1.698970004,1.602059991,0.032066427,1,2.9891328,16.02059991,3.206642657,0.24966177,,,,,,,,,,,,,,,,,,,,,,
Caudata,Plethodontidae,Eurycea,quadridigitata,7.4414416,21,1.322219295,34.58824,5.871544916,1.892094603,0.015567027,0,3.458824,18.92094603,1.556702681,0.74414416,,,,,,,,,,,,,,,,,,,,,,
Anura,Dicroglossidae,Fejervarya,cancrivora,10.2436818,1,0,5.466919,6.131185116,2.053078443,,0,0.5466919,20.53078443,0,1.02436818,,,,,,,,,,,,,,,,,,,,,,
Anura,Microhylidae,Gastrophryne,carolinensis,9.222693,213,2.328379603,34.683438,6.197748241,1.51851394,0.01137455,0,3.4683438,15.1851394,1.137454982,0.9222693,0.116676125,-0.933018003,0.047927231,,,,,,,,,,,,,,,,,,,
Anura,Myobatrachidae,Geocrinia,laevis,6.3091549,304.7851265,2.48399377,37.13332,4.888027773,1.51851394,0.024296919,0,3.713332,15.1851394,2.429691877,0.63091549,0.23,-0.638272164,0.089905111,,,,,,,,,,,,,,,,,,,
Anura,Myobatrachidae,Geocrinia,victoriana,7.894561233,558.7727319,2.747235204,37.11690933,5.060996079,1.51851394,0.015219421,0,3.711690933,15.1851394,1.52194211,0.789456123,0.275,-0.560667306,0.105510185,,,,,,,,,,,,,,,,,,,
Caudata,Plethodontidae,Gyrinophilus,porphyriticus,5.911467,800,2.903089987,35.119752,5.882995006,2.187520721,0.003295318,0,3.5119752,21.87520721,0.329531813,0.5911467,,,,,,,,,,,,,,,,,,,,,,
Caudata,Plethodontidae,Hemidactylium,scutatum,5.6881893,111,2.045322979,35.994033,6.179082488,1.892094603,0.024533814,0,3.5994033,18.92094603,2.453381353,0.56881893,,,,,,,,,,,,,,,,,,,,,,
Anura,Hylidae,Hyla,andersonii,11.3374132,24,1.380211242,39.965255,4.830806723,1.51851394,0.022801921,1,3.9965255,15.1851394,2.280192077,1.13374132,,,,,,,,,,,,,,,,,,,,,,
Anura,Hylidae,Hyla,arborea,11.7936322,1756,3.244524512,37.378831,6.585470092,1.51851394,0.030292917,0,3.7378831,15.1851394,3.029291717,1.17936322,,,,,,,,,,,,,,,,,,,,,,
Anura,Hylidae,Hyla,chrysoscelis,9.4406486,340,2.531478917,35.254964,6.567042372,1.51851394,0.030460984,0,3.5254964,15.1851394,3.046098439,0.94406486,,,,,,,,,,,,,,,,,,,,,,
Anura,Hylidae,Hyla,cinerea,4.6998016,35,1.544068044,28.538335,6.11117141,1.740362689,0.017347739,0,2.8538335,17.40362689,1.73477391,0.46998016,,,,,,,,,,,,,,,,,,,,,,
Anura,Hylidae,Hyla,meridionalis,,1756,3.244524512,37.378831,5.843184174,1.51851394,0.030292917,0,3.7378831,15.1851394,3.029291717,,,,,,,,,,,,,,,,,,,,,,,
Anura,Hylidae,Hyla,squirella,4.5998016,35,1.544068044,28.538335,5.888458072,1.51851394,0.017347739,0,2.8538335,15.1851394,1.73477391,0.45998016,,,,,,,,,,,,,,,,,,,,,,
Anura,Hylidae,Hyla,versicolor,9.8374132,199.5,2.2999429,40.767287,6.349923922,1.51851394,0.023581433,0,4.0767287,15.1851394,2.358143257,0.98374132,,,,,,,,,,,,,,,,,,,,,,
Anura,Hylidae,Hyla,walkeri,13.9874132,2256,3.353339095,16.747214,3.447158031,1.51851394,0.027166066,1,1.6747214,15.1851394,2.716606643,1.39874132,0.119047619,-0.924279286,0.048848568,,,,,,,,,,,,,,,,,,,
Anura,Ranidae,Hylarana,erythraea,9.8250744,1100,3.041392685,14.0675,6.35853045,1.740362689,-0.006659064,0,1.40675,17.40362689,-0.665906363,0.98250744,,,,,,,,,,,,,,,,,,,,,,
Anura,Hyperoliidae,Hyperolius,tuberilinguis,6.6169153,372,2.57054294,16.019649,6.056498177,1.51851394,0.017560624,0,1.6019649,15.1851394,1.756062425,0.66169153,,,,,,,,,,,,,,,,,,,,,,
Anura,Hyperoliidae,Hyperolius,viridiflavus,6.994228667,559.6666667,2.747929441,5.701095333,6.290811859,1.51851394,0.03334227,0,0.570109533,15.1851394,3.334227024,0.699422867,,,,,,,,,,,,,,,,,,,,,,
Anura,Hylidae,Hypsiboas,curupi,,312,2.494154594,27.087367,3.54961624,1.602059991,0.00282473,0,2.7087367,16.02059991,0.282472989,,,,,,,,,,,,,,,,,,,,,,,
Anura,Hylidae,Hypsiboas,faber,,785,2.894869657,23.55052,6.192165308,1.875061263,0.035503802,0,2.355052,18.75061263,3.550380152,,0.065,-1.187086643,0.027349608,,,,,,,,,,,,,,,,,,,
Anura,Hylidae,Hypsiboas,raniceps,,102,2.008600172,25.316761,6.920690514,1.51851394,0.012514206,0,2.5316761,15.1851394,1.251420568,,,,,,,,,,,,,,,,,,,,,,,
Anura,Bufonidae,Incilius,alvarius,6.533101867,305,2.484299839,31,5.562535526,2.164352856,0.034967987,0,3.1,21.64352856,3.496798719,0.653310187,0.181818182,-0.740362689,0.072550667,,,,,,,,,,,,,,,,,,,
Anura,Bufonidae,Incilius,canaliferus,9.7595021,914,2.960946196,14.613333,4.139343756,1.698970004,0.027307723,0,1.4613333,16.98970004,2.730772309,0.97595021,,,,,,,,,,,,,,,,,,,,,,
Anura,Bufonidae,Incilius,marmoreus,8.1843781,305,2.484299839,17.059417,5.096277219,1.716003344,0.019664666,0,1.7059417,17.16003344,1.966466587,0.81843781,0.171428571,-0.765916794,0.068715812,,,,,,,,,,,,,,,,,,,
Anura,Bufonidae,Incilius,mazatlanensis,4.881028867,305,2.484299839,27,4.241322303,1.929418926,0.042442577,0,2.7,19.29418926,4.244257703,0.488102887,0.153333333,-0.814363423,0.061954844,,,,,,,,,,,,,,,,,,,
Anura,Microhylidae,Kaloula,kalingensis,9.3250744,1100,3.041392685,14.0675,4.013805927,1.51851394,-0.006659064,1,1.40675,15.1851394,-0.665906363,0.93250744,,,,,,,,,,,,,,,,,,,,,,
Anura,Microhylidae,Kaloula,walteri,,1100,3.041392685,14.0675,2.808885867,1.51851394,-0.006659064,,1.40675,15.1851394,-0.665906363,,,,,,,,,,,,,,,,,,,,,,,
Anura,Ceratophryidae,Lepidobatrachus,llanensis,,102,2.008600172,25.316761,5.45604095,1.883661435,0.012514206,0,2.5316761,18.83661435,1.251420568,,,,,,,,,,,,,,,,,,,,,,,
Anura,Leptodactylidae,Leptodactylus,bufonius,,102,2.008600172,25.316761,6.033165112,1.51851394,0.012514206,0,2.5316761,15.1851394,1.251420568,,,,,,,,,,,,,,,,,,,,,,,
Anura,Leptodactylidae,Leptodactylus,latinasus,,102,2.008600172,25.316761,6.26148127,1.51851394,0.012514206,0,2.5316761,15.1851394,1.251420568,,,,,,,,,,,,,,,,,,,,,,,
Anura,Leptodactylidae,Leptodactylus,latrans,,312,2.494154594,27.087367,7.04016862,1.740362689,0.00282473,0,2.7087367,17.40362689,0.282472989,,,,,,,,,,,,,,,,,,,,,,,
Anura,Leptodactylidae,Leptodactylus,melanonotus,5.2530847,305,2.484299839,31,5.913272766,1.51851394,0.034967987,0,3.1,15.1851394,3.496798719,0.52530847,0.557142857,-0.254033433,0.192328458,,,,,,,,,,,,,,,,,,,
Anura,Leptodactylidae,Leptodactylus,podicipinus,,102,2.008600172,25.316761,6.589337585,1.740362689,0.012514206,0,2.5316761,17.40362689,1.251420568,,,,,,,,,,,,,,,,,,,,,,,
Anura,Myobatrachidae,Limnodynastes,dorsalis,8.245141483,377.4517932,2.576861493,34.0804435,5.511741691,1.875061263,0.018946779,0,3.40804435,18.75061263,1.894677871,0.824514148,0.116,-0.935542011,0.047664195,,,,,,,,,,,,,,,,,,,
Anura,Myobatrachidae,Limnodynastes,fletcheri,-1.6132316,304.7851265,2.48399377,31.563029,6.128907264,1.740362689,0.028439376,0,3.1563029,17.40362689,2.843937575,-0.16132316,,,,,,,,,,,,,,,,,,,,,,
Anura,Myobatrachidae,Limnodynastes,peronii,8.336175838,136.7944224,2.13606839,29.111587,5.821664817,1.740362689,0.008497849,0,2.9111587,17.40362689,0.849784914,0.833617584,0.21725,-0.663040215,0.085379783,,,,,,,,,,,,,,,,,,,
Anura,Myobatrachidae,Limnodynastes,salmini,7.94811045,184.3925632,2.265743401,30.488929,5.781244689,1.875061263,0.003883353,0,3.0488929,18.75061263,0.388335334,0.794811045,,,,,,,,,,,,,,,,,,,,,,
Anura,Myobatrachidae,Limnodynastes,tasmaniensis,6.93229912,436.6991771,2.640182374,33.9564698,6.385788889,1.51851394,0.017645938,0,3.39564698,15.1851394,1.764593838,0.693229912,0.12,-0.920818754,0.049218023,,,,,,,,,,,,,,,,,,,
Anura,Alsodidae,Limnomedusa,macroglossa,,312,2.494154594,27.087367,5.670902366,1.697229343,0.00282473,0,2.7087367,16.97229343,0.282472989,,,,,,,,,,,,,,,,,,,,,,,
Anura,Dicroglossidae,Limnonectes,woodworthi,10.9250744,1100,3.041392685,14.0675,4.168585866,2.053078443,-0.006659064,0,1.40675,20.53078443,-0.665906363,1.09250744,,,,,,,,,,,,,,,,,,,,,,
Anura,Ranidae,Lithobates,berlandieri,8.0018997,209.5,2.321184027,29.02564175,6.172998811,2.053078443,0.030460984,0,2.902564175,20.53078443,3.046098439,0.80018997,,,,,,,,,,,,,,,,,,,,,,
Anura,Ranidae,Lithobates,catesbeiana,8.301036818,286.9444444,2.457797821,40.21439978,6.839770579,2.164352856,0.011972545,0,4.021439978,21.64352856,1.197254457,0.830103682,0.086699824,-1.061981786,0.036109597,,,,,,,,,,,,,,,,,,,
Anura,Ranidae,Lithobates,clamitans,7.9374132,267,2.426511261,44.996399,6.582799902,1.939519253,0.034739496,0,4.4996399,19.39519253,3.47394958,0.79374132,,,,,,,,,,,,,,,,,,,,,,
Anura,Ranidae,Lithobates,palmipes,7.1001488,579,2.762678564,9.913056,6.844955134,2.053078443,0.020870348,0,0.9913056,20.53078443,2.087034814,0.71001488,,,,,,,,,,,,,,,,,,,,,,
Anura,Ranidae,Lithobates,palustris,5.378163633,383,2.583198774,42,6.393946344,1.740362689,0.026780712,0,4.2,17.40362689,2.678071228,0.537816363,0.080287407,-1.095352566,0.033539314,,,,,,,,,,,,,,,,,,,
Anura,Ranidae,Lithobates,pipiens,8.097647876,464.0344828,2.666550255,38.59105187,6.77900503,2.053078443,0.017391929,0,3.859105187,20.53078443,1.739192919,0.809764788,0.180750698,-0.742920017,0.072158211,,,,,,,,,,,,,,,,,,,
Anura,Ranidae,Lithobates,sphenocephalus,5.7106486,340,2.531478917,35.254964,6.302107012,2.053078443,0.030460984,0,3.5254964,20.53078443,3.046098439,0.57106486,,,,,,,,,,,,,,,,,,,,,,
Anura,Ranidae,Lithobates,sylvaticus,8.419286838,745.7017544,2.872565165,38.78509867,6.95887504,1.740362689,0.012002289,0,3.878509867,17.40362689,1.200228863,0.841928684,0.779579756,-0.108139447,0.250317457,,,,,,,,,,,,,,,,,,,
Anura,Ranidae,Lithobates,virgatipes,9.2657974,32,1.505149978,39.855849,5.221547245,1.740362689,0.022967987,0,3.9855849,17.40362689,2.296798719,0.92657974,0.165,-0.782516056,0.066325925,,,,,,,,,,,,,,,,,,,
Anura,Ranidae,Lithobates,warszewitschii,14.7942274,1555,3.191730393,10.01571,5.196681784,1.740362689,0.0207511,0,1.001571,17.40362689,2.075110044,1.47942274,,,,,,,,,,,,,,,,,,,,,,
Anura,Hylidae,Litoria,alboguttata,8.4905475,309,2.489958479,26.739435,6.097105922,1.875061263,0.018118047,0,2.6739435,18.75061263,1.811804722,0.84905475,,,,,,,,,,,,,,,,,,,,,,
Anura,Hylidae,Litoria,aurea,9.1758877,262.3209387,2.418832958,36.72914533,5.251022229,2.053078443,0.014319728,1,3.672914533,20.53078443,1.431972789,0.91758877,0.085,-1.070581074,0.035429738,,,,,,,,,,,,,,,,,,,
Anura,Hylidae,Litoria,australis,7.24208985,159.5,2.202760687,19.555807,6.060139319,1.875061263,0.012295118,0,1.9555807,18.75061263,1.229511805,0.724208985,,,,,,,,,,,,,,,,,,,,,,
Anura,Hylidae,Litoria,bicolor,8.266501333,206.5234177,2.314969303,16.07930567,5.971029864,1.51851394,0.007186608,0,1.607930567,15.1851394,0.718660798,0.826650133,0.29,-0.537602002,0.11058971,,,,,,,,,,,,,,,,,,,
Anura,Hylidae,Litoria,brevipes,7.6157211,304.7851265,2.48399377,20.012195,5.930583316,1.51851394,0.011652661,0,2.0012195,15.1851394,1.165266106,0.76157211,,,,,,,,,,,,,,,,,,,,,,
Anura,Hylidae,Litoria,caerulea,8.576059974,83.58634242,1.922135322,25.39500111,6.613683608,2.164352856,0.002091784,0,2.539500111,21.64352856,0.209178408,0.857605997,0.19,-0.721246399,0.075546961,,,,,,,,,,,,,,,,,,,
Anura,Hylidae,Litoria,chloris,8.411409767,589.2512445,2.770300508,17.15132133,5.328758681,1.875061263,0.003205816,0,1.715132133,18.75061263,0.320581566,0.841140977,0.065,-1.187086643,0.027349608,,,,,,,,,,,,,,,,,,,
Anura,Hylidae,Litoria,citropa,5.2465681,1371.533069,3.137206283,30.631667,4.802260476,1.875061263,0.022547419,0,3.0631667,18.75061263,2.254741897,0.52465681,0.053333333,-1.273001272,0.022565828,,,,,,,,,,,,,,,,,,,
Anura,Hylidae,Litoria,coplandi,3.4936322,10,1,12.372179,5.808831914,1.51851394,0.006472189,0,1.2372179,15.1851394,0.647218888,0.34936322,,,,,,,,,,,,,,,,,,,,,,
Anura,Hylidae,Litoria,dahlii,4.9936322,10,1,12.372179,5.491651594,1.875061263,0.006472189,0,1.2372179,18.75061263,0.647218888,0.49936322,,,,,,,,,,,,,,,,,,,,,,
Anura,Hylidae,Litoria,eucnemis,4.8094029,790,2.897627091,17.266815,5.618110882,1.875061263,0.002578631,0,1.7266815,18.75061263,0.257863145,0.48094029,,,,,,,,,,,,,,,,,,,,,,
Anura,Hylidae,Litoria,ewingii,6.983383989,474.1101968,2.675879296,35.44744478,5.681523437,1.51851394,0.017457427,0,3.544744478,15.1851394,1.745742742,0.698338399,0.109444444,-0.960806279,0.04510556,,,,,,,,,,,,,,,,,,,
Anura,Hylidae,Litoria,fallax,9.138684978,220.798808,2.343996724,25.52908089,5.760546873,1.51851394,0.006546485,0,2.552908089,15.1851394,0.654648526,0.913868498,0.0775,-1.110698297,0.032417279,,,,,,,,,,,,,,,,,,,
Anura,Hylidae,Litoria,freycineti,8.21069725,174.8925632,2.242771343,30.141342,4.767704883,1.51851394,0.007720088,1,3.0141342,15.1851394,0.772008804,0.821069725,,,,,,,,,,,,,,,,,,,,,,
Anura,Hylidae,Litoria,gracilenta,8.873018224,51.66742688,1.713216834,26.40910014,5.503595956,1.51851394,-0.001254598,0,2.640910014,15.1851394,-0.125459839,0.887301822,0.085295781,-1.069072451,0.035548115,,,,,,,,,,,,,,,,,,,
Anura,Hylidae,Litoria,inermis,2.1936322,10,1,12.372179,6.244507693,1.51851394,0.006472189,0,1.2372179,15.1851394,0.647218888,0.21936322,,,,,,,,,,,,,,,,,,,,,,
Anura,Hylidae,Litoria,lesueuri,6.489701925,257.8388449,2.411348347,29.80017825,5.884378989,1.740362689,0.012804122,0,2.980017825,17.40362689,1.280412165,0.648970193,0.15625,-0.806179974,0.063051746,,,,,,,,,,,,,,,,,,,
Anura,Hylidae,Litoria,nasuta,5.85776135,37,1.568201724,19.9625085,6.051178772,1.740362689,0.003594238,0,1.99625085,17.40362689,0.35942377,0.585776135,,,,,,,,,,,,,,,,,,,,,,
Anura,Hylidae,Litoria,nigrofrenata,6.9811942,14,1.146128036,20.401418,5.21674106,1.51851394,0.007494598,0,2.0401418,15.1851394,0.749459784,0.69811942,,,,,,,,,,,,,,,,,,,,,,
Anura,Hylidae,Litoria,pearsoniana,6.449752,412,2.614897216,27.33427,4.563836919,1.51851394,0.008514606,1,2.733427,15.1851394,0.851460584,0.6449752,,,,,,,,,,,,,,,,,,,,,,
Anura,Hylidae,Litoria,peronii,8.820327571,392.3013019,2.593619749,32.33610843,6.011567061,1.740362689,0.010708969,0,3.233610843,17.40362689,1.07089693,0.882032757,0.2125,-0.672641066,0.083681747,,,,,,,,,,,,,,,,,,,
Anura,Hylidae,Litoria,phyllochroa,6.564528325,304.7851265,2.48399377,36.43627325,5.244850852,1.51851394,0.016103241,0,3.643627325,15.1851394,1.61032413,0.656452833,0.113333333,-0.945642338,0.046625212,,,,,,,,,,,,,,,,,,,
Anura,Hylidae,Litoria,rothii,6.07106524,245.8281012,2.390631527,17.6524614,6.114894417,1.51851394,0.008973029,0,1.76524614,15.1851394,0.897302921,0.607106524,0.255,-0.59345982,0.098643726,,,,,,,,,,,,,,,,,,,
Anura,Hylidae,Litoria,rubella,7.729729533,297.9105625,2.474085902,19.06701633,6.679085141,1.51851394,0.009682673,0,1.906701633,15.1851394,0.968267307,0.772972953,0.168333333,-0.773829877,0.067566768,,,,,,,,,,,,,,,,,,,
Anura,Hylidae,Litoria,tornieri,4.5936322,10,1,12.372179,5.758761301,1.51851394,0.006472189,0,1.2372179,15.1851394,0.647218888,0.45936322,,,,,,,,,,,,,,,,,,,,,,
Anura,Hylidae,Litoria,verreauxii,11.28227203,1315.655796,3.119142283,37.06470683,5.373232085,1.51851394,0.019115113,0,3.706470683,15.1851394,1.911511271,1.128227203,0.1625,-0.789146635,0.065392962,,,,,,,,,,,,,,,,,,,
Anura,Hylidae,Litoria,watjulumensis,3.0936322,10,1,12.372179,5.79133198,1.740362689,0.006472189,0,1.2372179,17.40362689,0.647218888,0.30936322,,,,,,,,,,,,,,,,,,,,,,
Anura,Bufonidae,Melanophryniscus,devincenzii,,312,2.494154594,27.087367,4.107345665,1.51851394,0.00282473,1,2.7087367,15.1851394,0.282472989,,,,,,,,,,,,,,,,,,,,,,,
Anura,Bufonidae,Melanophryniscus,rubriventris,6.82353205,1694,3.228913406,23.84545,4.536091072,1.51851394,0.006164066,0,2.384545,15.1851394,0.616406563,0.682353205,,,,,,,,,,,,,,,,,,,,,,
Anura,Myobatrachidae,Mixophyes,fasciolatus,3.6687562,358.3925632,2.554358989,30.379645,5.329987387,2.053078443,0.007782513,0,3.0379645,20.53078443,0.778251301,0.36687562,,,,,,,,,,,,,,,,,,,,,,
Caudata,Proteidae,Necturus,maculosus,7.483534386,400.2857143,2.602370091,42.56497614,6.274563079,2.423245874,0.013934031,0,4.256497614,24.23245874,1.393403076,0.748353439,0.171,-0.76700389,0.068556895,,,,,,,,,,,,,,,,,,,
Anura,Myobatrachidae,Neobatrachus,pictus,3.4840805,329.7851265,2.518231065,33.0174685,5.491673993,1.740362689,0.022569628,0,3.30174685,17.40362689,2.256962785,0.34840805,,,,,,,,,,,,,,,,,,,,,,
Anura,Myobatrachidae,Neobatrachus,sudelli,-1.3596013,44,1.643452676,29.646376,5.994506318,1.51851394,0.028795118,0,2.9646376,15.1851394,2.879511805,-0.13596013,,,,,,,,,,,,,,,,,,,,,,
Caudata,Salamandridae,Notophthalmus,viridescens,11.31450332,512.5625,2.709746829,40.08582761,6.536217312,1.892094603,0.020534039,0,4.008582761,18.92094603,2.053403862,1.131450332,,,,,,,,,,,,,,,,,,,,,,
Anura,Dicroglossidae,Occidozyga,laevis,10.3250744,1100,3.041392685,14.0675,5.707419424,1.51851394,-0.006659064,0,1.40675,15.1851394,-0.665906363,1.03250744,,,,,,,,,,,,,,,,,,,,,,
Anura,Odontophrynidae,Odontophrynus,occidentalis,3.8309462,721.2,2.858055718,31.5966798,5.829710211,1.689130325,0.004589516,0,3.15966798,16.89130325,0.458951581,0.38309462,,,,,,,,,,,,,,,,,,,,,,
Anura,Hylidae,Osteopilus,septentrionalis,8.4498512,11,1.041392685,25.76168,5.131278537,1.939519253,0.020770308,0,2.576168,19.39519253,2.077030812,0.84498512,,,,,,,,,,,,,,,,,,,,,,
Caudata,Salamandridae,Pachytriton,labiatus,4.3338325,500,2.698970004,24.6,5.361518191,2.423245874,0.012480992,0,2.46,24.23245874,1.24809924,0.43338325,,,,,,,,,,,,,,,,,,,,,,
Caudata,Salamandridae,Paramesotriton,chinensis,5.9338325,500,2.698970004,24.6,5.359476899,2.06069784,0.012480992,0,2.46,20.6069784,1.24809924,0.59338325,,,,,,,,,,,,,,,,,,,,,,
Anura,Pelobatidae,Pelobates,cultripes,,1756,3.244524512,37.378831,5.693944042,1.875061263,0.030292917,1,3.7378831,18.75061263,3.029291717,,,,,,,,,,,,,,,,,,,,,,,
Anura,Pelodytidae,Pelodytes,ibericus,,1756,3.244524512,37.378831,5.041597939,1.51851394,0.030292917,0,3.7378831,15.1851394,3.029291717,,,,,,,,,,,,,,,,,,,,,,,
Anura,Ranidae,Pelophylax,lessonae,,1756,3.244524512,37.378831,6.503585332,1.759667845,0.030292917,0,3.7378831,17.59667845,3.029291717,,,,,,,,,,,,,,,,,,,,,,,
Anura,Ranidae,Pelophylax,perezi,,1756,3.244524512,37.378831,5.84685956,1.769377326,0.030292917,0,3.7378831,17.69377326,3.029291717,,,,,,,,,,,,,,,,,,,,,,,
Anura,Rhacophoridae,Philautus,surdus,8.6250744,1100,3.041392685,14.0675,5.318582925,1.51851394,-0.006659064,0,1.40675,15.1851394,-0.665906363,0.86250744,,,,,,,,,,,,,,,,,,,,,,
Anura,Myobatrachidae,Philoria,frosti,7.984411167,929.5946358,2.968293609,37.833306,2.012837225,1.740362689,0.011807923,1,3.7833306,17.40362689,1.180792317,0.798441117,0.085,-1.070581074,0.035429738,,,,,,,,,,,,,,,,,,,
Anura,Myobatrachidae,Philoria,loveridgei,3.5183098,761.9628162,2.881933778,28.241961,2.654176542,1.51851394,0.013794318,1,2.8241961,15.1851394,1.379431773,0.35183098,,,,,,,,,,,,,,,,,,,,,,
Anura,Myobatrachidae,Philoria,sphagnicolus,1.1182106,1447.729351,3.160687379,30.631667,3.981456167,1.51851394,0.022547419,1,3.0631667,15.1851394,2.254741897,0.11182106,,,,,,,,,,,,,,,,,,,,,,
Anura,Hylidae,Phyllomedusa,sauvagii,,102,2.008600172,25.316761,6.044426076,1.875061263,0.012514206,0,2.5316761,18.75061263,1.251420568,,,,,,,,,,,,,,,,,,,,,,,
Anura,Hylidae,Phyllomedusa,tetraploidea,,312,2.494154594,27.087367,5.576188111,1.51851394,0.00282473,0,2.7087367,15.1851394,0.282472989,,,,,,,,,,,,,,,,,,,,,,,
Anura,Leptodactylidae,Physalaemus,albonotatus,,102,2.008600172,25.316761,6.250051916,1.51851394,0.012514206,0,2.5316761,15.1851394,1.251420568,,,,,,,,,,,,,,,,,,,,,,,
Anura,Leptodactylidae,Physalaemus,cuvieri,,785,2.894869657,23.55052,6.863869667,1.51851394,0.035503802,0,2.355052,15.1851394,3.550380152,,0.175,-0.756961951,0.070037867,,,,,,,,,,,,,,,,,,,
Anura,Ceratobatrachidae,Platymantis,banahao,8.8250744,1100,3.041392685,14.0675,2.071882007,1.51851394,-0.006659064,1,1.40675,15.1851394,-0.665906363,0.88250744,,,,,,,,,,,,,,,,,,,,,,
Anura,Ceratobatrachidae,Platymantis,corrugatus,8.7250744,1100,3.041392685,14.0675,5.419152469,1.51851394,-0.006659064,0,1.40675,15.1851394,-0.665906363,0.87250744,,,,,,,,,,,,,,,,,,,,,,
Anura,Ceratobatrachidae,Platymantis,dorsalis,7.9250744,1100,3.041392685,14.0675,4.798146323,1.51851394,-0.006659064,0,1.40675,15.1851394,-0.665906363,0.79250744,,,,,,,,,,,,,,,,,,,,,,
Anura,Ceratobatrachidae,Platymantis,luzonensis,9.7250744,1100,3.041392685,14.0675,3.273464273,1.51851394,-0.006659064,1,1.40675,15.1851394,-0.665906363,0.97250744,,,,,,,,,,,,,,,,,,,,,,
Anura,Ceratobatrachidae,Platymantis,montanus,,1100,3.041392685,14.0675,2.093421685,1.51851394,-0.006659064,1,1.40675,15.1851394,-0.665906363,,,,,,,,,,,,,,,,,,,,,,,
Anura,Myobatrachidae,Platyplectrum,ornatum,,342,2.534026106,27.183286,6.350996531,1.740362689,0.017613445,0,2.7183286,17.40362689,1.761344538,,,,,,,,,,,,,,,,,,,,,,,
Caudata,Plethodontidae,Plethodon,cinereus,8.0390693,616.5,2.789933081,38.663851,6.26171953,1.892094603,0.019886555,0,3.8663851,18.92094603,1.988655462,0.80390693,,,,,,,,,,,,,,,,,,,,,,
Caudata,Plethodontidae,Plethodon,dunni,10.2999008,390,2.591064607,46.5926635,4.865897185,2.187520721,,0,4.65926635,21.87520721,0,1.02999008,,,,,,,,,,,,,,,,,,,,,,
Caudata,Plethodontidae,Plethodon,glutinosus,10.1547581,1128,3.0523091,37.375136,6.127385055,2.187520721,0.017852341,0,3.7375136,21.87520721,1.785234094,1.01547581,,,,,,,,,,,,,,,,,,,,,,
Caudata,Plethodontidae,Plethodon,jordani,7.527685217,762.3333333,2.88214491,35.41487233,3.288472801,1.892094603,0.005442844,1,3.541487233,18.92094603,0.54428438,0.752768522,,,,,,,,,,,,,,,,,,,,,,
Caudata,Plethodontidae,Plethodon,ouachitae,1.9606486,340,2.531478917,35.254964,4.077186154,2.06069784,0.030460984,1,3.5254964,20.6069784,3.046098439,0.19606486,,,,,,,,,,,,,,,,,,,,,,
Caudata,Plethodontidae,Plethodon,richmondi,2.1106486,340,2.531478917,35.254964,5.003227812,1.892094603,0.030460984,0,3.5254964,18.92094603,3.046098439,0.21106486,,,,,,,,,,,,,,,,,,,,,,
Caudata,Plethodontidae,Plethodon,vehiculum,9.5999008,390,2.591064607,46.5926635,5.2192229,1.892094603,,0,4.65926635,18.92094603,0,0.95999008,,,,,,,,,,,,,,,,,,,,,,
Caudata,Plethodontidae,Plethodon,wehrlei,6.7444441,594,2.773786445,37.246712,5.058308324,2.187520721,0.012297319,0,3.7246712,21.87520721,1.229731893,0.67444441,,,,,,,,,,,,,,,,,,,,,,
Caudata,Salamandridae,Pleurodeles,waltl,,1756,3.244524512,37.378831,5.602857275,2.278753601,0.030292917,1,3.7378831,22.78753601,3.029291717,,,,,,,,,,,,,,,,,,,,,,,
Anura,Leptodactylidae,Pleurodema,bufoninum,,899,2.953759692,41.181389,5.812514959,1.301029996,0.023605042,0,4.1181389,13.01029996,2.360504202,,,,,,,,,,,,,,,,,,,,,,,
Anura,Leptodactylidae,Pleurodema,diplolister,,785,2.894869657,23.55052,6.144341588,1.5289167,0.035503802,0,2.355052,15.289167,3.550380152,,0.116,-0.935542011,0.047664195,,,,,,,,,,,,,,,,,,,
Anura,Leptodactylidae,Pleurodema,nebulosum,9.5092541,547,2.737987326,32.13664,5.614940433,1.176091259,0.00627411,0,3.213664,11.76091259,0.627410964,0.95092541,,,,,,,,,,,,,,,,,,,,,,
Anura,Strabomantidae,Pristimantis,danae,-1.2690538,1682.5,3.225955073,11.1833,4.680734265,1.505149978,0.007073629,0,1.11833,15.05149978,0.707362945,-0.12690538,,,,,,,,,,,,,,,,,,,,,,
Anura,Strabomantidae,Pristimantis,rhabdolaemus,-3.4690538,2407.5,3.381566296,11.1833,5.020493871,1.51851394,0.007073629,0,1.11833,15.1851394,0.707362945,-0.34690538,,,,,,,,,,,,,,,,,,,,,,
Anura,Strabomantidae,Pristimantis,salaputium,-1.1690538,1777.5,3.249809609,11.1833,1.447158031,1.51851394,0.007073629,,1.11833,15.1851394,0.707362945,-0.11690538,,,,,,,,,,,,,,,,,,,,,,
Anura,Strabomantidae,Pristimantis,toftae,-0.4690538,1498.5,3.175656747,11.1833,5.322248247,1.51851394,0.007073629,0,1.11833,15.1851394,0.707362945,-0.04690538,,,,,,,,,,,,,,,,,,,,,,
Anura,Hylidae,Pseudacris,cadaverina,0.3777623,610,2.785329835,33.953297,4.804670896,1.51851394,-0.013086034,0,3.3953297,15.1851394,-1.308603441,0.03777623,0.324,-0.48945499,0.121887985,,,,,,,,,,,,,,,,,,,
Anura,Hylidae,Pseudacris,crucifer,8.26084605,257,2.409933123,43.565114,6.605686476,1.51851394,0.027794318,0,4.3565114,15.1851394,2.779431773,0.826084605,,,,,,,,,,,,,,,,,,,,,,
Anura,Hylidae,Pseudacris,regilla,8.397058371,1371,3.137037455,40.89384543,6.187798129,1.51851394,0.009223689,0,4.089384543,15.1851394,0.922368948,0.839705837,0.140333375,-0.85283903,0.057031835,,,,,,,,,,,,,,,,,,,
Anura,Hylidae,Pseudacris,triseriata,13.2812323,1309.31746,3.117044959,38.53106848,6.534703179,1.51851394,0.017976499,0,3.853106848,15.1851394,1.797649854,1.32812323,0.122817138,-0.910741028,0.050309033,,,,,,,,,,,,,,,,,,,
Anura,Hylidae,Pseudis,limellum,,102,2.008600172,25.316761,5.910627073,1.51851394,0.012514206,0,2.5316761,15.1851394,1.251420568,,,,,,,,,,,,,,,,,,,,,,,
Anura,Hylidae,Pseudis,paradoxa,,102,2.008600172,25.316761,6.890709726,1.875061263,0.012514206,0,2.5316761,18.75061263,1.251420568,,,,,,,,,,,,,,,,,,,,,,,
Anura,Myobatrachidae,Pseudophryne,bibronii,,,,,,,,,,,,,,,,,,,,7.082246957,379.2390822,2.578913087,33.570341,5.825146885,1.51851394,0.010862459,1,3.3570341,15.1851394,1.086245927,0.708224696,0.2375,-0.624336386,0.092545208
Anura,Myobatrachidae,Pseudophryne,corroboree,10.4500496,1752.514477,3.243661614,36.391785,3.033021445,1.51851394,0.025041216,1,3.6391785,15.1851394,2.504121649,1.04500496,0.61,-0.214670165,0.206825876,,,,,,,,,,,,,,,,,,,
Anura,Myobatrachidae,Pseudophryne,dendyi,11.2151259,1066.747943,3.028061814,30.514343,3.822756333,1.51851394,0.016987195,0,3.0514343,15.1851394,1.698719488,1.12151259,,,,,,,,,,,,,,,,,,,,,,
Anura,Myobatrachidae,Pseudophryne,major,4.9840805,64,1.806179974,27.552838,5.103119254,1.51851394,0.000716287,0,2.7552838,15.1851394,0.071628651,0.49840805,,,,,,,,,,,,,,,,,,,,,,
Anura,Myobatrachidae,Pseudophryne,semimarmorata,6.4434834,50,1.698970004,34.928621,5.036029731,1.51851394,0.015214086,0,3.4928621,15.1851394,1.521408563,0.64434834,,,,,,,,,,,,,,,,,,,,,,
Caudata,Plethodontidae,Pseudotriton,montanus,5.1472573,111,2.045322979,35.994033,5.88032588,2.06069784,0.024533814,0,3.5994033,20.6069784,2.453381353,0.51472573,,,,,,,,,,,,,,,,,,,,,,
Caudata,Plethodontidae,Pseudotriton,ruber,10.0719401,1158,3.063708559,37.375136,6.028809886,2.187520721,0.017852341,0,3.7375136,21.87520721,1.785234094,1.00719401,,,,,,,,,,,,,,,,,,,,,,
Anura,Strabomantidae,Psychrophrynella,usurpator,-2.0690538,3135.5,3.496306805,11.1833,3.405175546,1.342422681,0.007073629,1,1.11833,13.42422681,0.707362945,-0.20690538,,,,,,,,,,,,,,,,,,,,,,
Anura,Dicroglossidae,Quasipaa,spinosa,12.43049822,449.1666667,2.652407519,26.81666667,6.063704059,2.053078443,0.017124116,1,2.681666667,20.53078443,1.712411631,1.243049822,,,,,,,,,,,,,,,,,,,,,,
Anura,Ranidae,Rana,arvalis,,1756,3.244524512,37.378831,6.993513515,1.720159303,0.030292917,0,3.7378831,17.20159303,3.029291717,,,,,,,,,,,,,,,,,,,,,,,
Anura,Ranidae,Rana,boylii,7.178076433,914,2.960946196,39.722933,5.318027838,1.740362689,-0.003083633,1,3.9722933,17.40362689,-0.308363345,0.717807643,0.12,-0.920818754,0.049218023,,,,,,,,,,,,,,,,,,,
Anura,Ranidae,Rana,cascadae,6.5916088,2134,3.329194415,39.992683,5.055500651,1.875061263,0.018295318,1,3.9992683,18.75061263,1.829531813,0.65916088,0.112,-0.950781977,0.046104787,,,,,,,,,,,,,,,,,,,
Anura,Ranidae,Rana,chensinensis,,420,2.62324929,36.1,6.452294248,1.643452676,0.030003601,0,3.61,16.43452676,3.000360144,,0.286666667,-0.542622803,0.10946605,,,,,,,,,,,,,,,,,,,
Anura,Ranidae,Rana,clamitans,7.302713729,326.375,2.513716885,39.53697844,6.582799902,1.939519253,0.024128476,0,3.953697844,19.39519253,2.412847639,0.730271373,0.176666667,-0.752845385,0.070653451,,,,,,,,,,,,,,,,,,,
Anura,Ranidae,Rana,iberica,,1756,3.244524512,37.378831,5.004553509,1.875061263,0.030292917,1,3.7378831,18.75061263,3.029291717,,,,,,,,,,,,,,,,,,,,,,,
Anura,Ranidae,Rana,pretiosa,10.7292204,610,2.785329835,51.091389,4.977408056,1.939519253,0.021657063,1,5.1091389,19.39519253,2.165706283,1.07292204,0.12,-0.920818754,0.049218023,,,,,,,,,,,,,,,,,,,
Anura,Ranidae,Rana,temporaria,,1756,3.244524512,37.378831,6.89040548,1.875061263,0.030292917,0,3.7378831,18.75061263,3.029291717,,,,,,,,,,,,,,,,,,,,,,,
Anura,Ranidae,Rana,virgatipes,8.3375124,32,1.505149978,39.855849,5.221547245,1.740362689,0.022967987,0,3.9855849,17.40362689,2.296798719,0.83375124,,,,,,,,,,,,,,,,,,,,,,
Anura,Bufonidae,Rhaebo,haematiticus,8.0501488,579,2.762678564,9.913056,5.496861871,1.740362689,0.020870348,0,0.9913056,17.40362689,2.087034814,0.80501488,0.25,-0.602059991,0.096910013,,,,,,,,,,,,,,,,,,,
Anura,Bufonidae,Rhinella,arenarum,5.1309462,849,2.92890769,31.70079,6.220920714,1.875061263,0.005107643,0,3.170079,18.75061263,0.510764306,0.51309462,,,,,,,,,,,,,,,,,,,,,,
Anura,Bufonidae,Rhinella,crucifer,,312,2.494154594,27.087367,6.102568844,1.875061263,0.00282473,0,2.7087367,18.75061263,0.282472989,,,,,,,,,,,,,,,,,,,,,,,
Anura,Bufonidae,Rhinella,granulosa,10.8562686,178,2.250420002,12.801333,7.042385255,1.51851394,0.012911431,0,1.2801333,15.1851394,1.291143124,1.08562686,,,,,,,,,,,,,,,,,,,,,,
Anura,Bufonidae,Rhinella,icterica,,785,2.894869657,23.55052,6.190216245,1.51851394,0.035503802,0,2.355052,15.1851394,3.550380152,,0.09,-1.045757491,0.037426498,,,,,,,,,,,,,,,,,,,
Anura,Bufonidae,Rhinella,marina,9.389164991,160.5957447,2.205734034,23.28726806,7.053866683,2.164352856,0.001965433,0,2.328726806,21.64352856,0.196543298,0.938916499,0.184853963,-0.733171235,0.073664825,,,,,,,,,,,,,,,,,,,
Anura,Bufonidae,Rhinella,schneideri,,102,2.008600172,25.316761,6.815214489,1.875061263,0.012514206,0,2.5316761,18.75061263,1.251420568,,,,,,,,,,,,,,,,,,,,,,,
Anura,Bufonidae,Rhinella ,spinulosa,,899,2.953759692,41.181389,6.067983886,1.875061263,0.023605042,0,4.1181389,18.75061263,2.360504202,,,,,,,,,,,,,,,,,,,,,,,
Caudata,Rhyacotritonidae,Rhyacotriton,olympicus,8.1968161,661,2.820201459,47.590189,4.208306962,2.06069784,0.008917967,1,4.7590189,20.6069784,0.891796719,0.81968161,,,,,,,,,,,,,,,,,,,,,,
Caudata,Rhyacotritonidae,Rhyacotriton,variegatus,6.837314,700,2.84509804,44.504287,4.678354463,2.06069784,0.004305722,0,4.4504287,20.6069784,0.430572229,0.6837314,,,,,,,,,,,,,,,,,,,,,,
Caudata,Salamandridae,Salamandra,salamandra,,1756,3.244524512,37.378831,6.341669712,2.278753601,0.030292917,0,3.7378831,22.78753601,3.029291717,,,,,,,,,,,,,,,,,,,,,,,
Anura,Ranidae,Sanguirana,everetti,,1100,3.041392685,14.0675,4.48945221,1.875061263,-0.006659064,,1.40675,18.75061263,-0.665906363,,,,,,,,,,,,,,,,,,,,,,,
Anura,Ranidae,Sanguirana,luzonensis ,9.1250744,1100,3.041392685,14.0675,4.293207817,1.875061263,-0.006659064,1,1.40675,18.75061263,-0.665906363,0.91250744,,,,,,,,,,,,,,,,,,,,,,
Anura,Scaphiopodidae,Scaphiopus,holbrookii,6.4596491,375.2,2.57426283,42,6.050141854,1.740362689,0.026780712,0,4.2,17.40362689,2.678071228,0.64596491,0.327777778,-0.484420493,0.123125396,,,,,,,,,,,,,,,,,,,
Anura,Hylidae,Scinax,acuminatus,,102,2.008600172,25.316761,6.003853718,1.51851394,0.012514206,0,2.5316761,15.1851394,1.251420568,,,,,,,,,,,,,,,,,,,,,,,
Anura,Hylidae,Scinax,fuscovarius,,312,2.494154594,27.087367,6.696709797,1.51851394,0.00282473,0,2.7087367,15.1851394,0.282472989,,,,,,,,,,,,,,,,,,,,,,,
Anura,Hylidae,Scinax,nasicus,,102,2.008600172,25.316761,6.41146936,1.51851394,0.012514206,0,2.5316761,15.1851394,1.251420568,,,,,,,,,,,,,,,,,,,,,,,
Anura,Hylidae,Smilisca,baudinii,3.2403491,305,2.484299839,24,6.018964157,1.740362689,0.028510604,0,2.4,17.40362689,2.851060424,0.32403491,0.32,-0.494850022,0.120573931,,,,,,,,,,,,,,,,,,,
Anura,Hylidae,Smilisca,fodiens,3.70432945,305,2.484299839,27,5.372630356,1.740362689,0.042442577,0,2.7,17.40362689,4.244257703,0.370432945,0.286666667,-0.542622803,0.10946605,,,,,,,,,,,,,,,,,,,
Anura,Scaphiopodidae,Spea,hammondii,8.58719,305,2.484299839,32.323483,5.086292189,1.740362689,0.000790516,1,3.2323483,17.40362689,0.079051621,0.858719,0.204,-0.690369833,0.080626487,,,,,,,,,,,,,,,,,,,
Caudata,Salamandridae,Taricha,granulosa,12.2865034,66,1.819543936,47.606209,5.761702368,2.187520721,0.008791917,0,4.7606209,21.87520721,0.879191677,1.22865034,,,,,,,,,,,,,,,,,,,,,,
Anura,Myobatrachidae,Taudactylus,diurnus,4.349752,511,2.7084209,27.33427,3.583085366,1.51851394,0.008514606,1,2.733427,15.1851394,0.851460584,0.4349752,,,,,,,,,,,,,,,,,,,,,,
Anura,Hylidae,Tlalocohyla,smithii,6.6465185,305,2.484299839,21.751384,5.412400061,1.51851394,0.026244098,0,2.1751384,15.1851394,2.624409764,0.66465185,0.292,-0.534617149,0.111262514,,,,,,,,,,,,,,,,,,,
Anura,Hylidae,Trachycephalus,venulosus,,102,2.008600172,25.316761,7.085280087,2.053078443,0.012514206,0,2.5316761,20.53078443,1.251420568,,,,,,,,,,,,,,,,,,,,,,,
Caudata,Salamandridae,Triturus,boscai,,1756,3.244524512,37.378831,5.355652625,2.06069784,0.030292917,0,3.7378831,20.6069784,3.029291717,,,,,,,,,,,,,,,,,,,,,,,
Caudata,Salamandridae,Triturus,cristatus,,1756,3.244524512,37.378831,6.639312139,2.187520721,0.030292917,0,3.7378831,21.87520721,3.029291717,,,,,,,,,,,,,,,,,,,,,,,
Caudata,Salamandridae,Triturus,dobrogicus,10.662438,105,2.021189299,46.891402,5.425760764,2.187520721,0.03534894,1,4.6891402,21.87520721,3.534893958,1.0662438,0.11,-0.958607315,0.045322979,,,,,,,,,,,,,,,,,,,
Caudata,Salamandridae,Triturus,pygmaeus,,1756,3.244524512,37.378831,5.240589182,2.06069784,0.030292917,1,3.7378831,20.6069784,3.029291717,,,,,,,,,,,,,,,,,,,,,,,
Caudata,Salamandridae,Tylototriton,kweichowensis,13.3966177,2000,3.301029996,27.166667,4.535661153,2.187520721,0.008968788,1,2.7166667,21.87520721,0.896878752,1.33966177,,,,,,,,,,,,,,,,,,,,,,
Anura,Myobatrachidae,Uperoleia,laevigata,4.8218905,64,1.806179974,27.552838,5.64585831,1.51851394,0.000716287,0,2.7552838,15.1851394,0.071628651,0.48218905,,,,,,,,,,,,,,,,,,,,,,
Anura,Myobatrachidae,Uperoleia,marmorata,4.8218905,64,1.806179974,27.552838,3.888853167,1.51851394,0.000716287,,2.7552838,15.1851394,0.071628651,0.48218905,,,,,,,,,,,,,,,,,,,,,,
Anura,Myobatrachidae,Uperoleia,rugosa,6.4218905,64,1.806179974,27.552838,5.983569911,1.51851394,0.000716287,0,2.7552838,15.1851394,0.071628651,0.64218905,,,,,,,,,,,,,,,,,,,,,,
Anura,Pipidae,Xenopus,laevis,4.98638875,993,2.996949248,22.088821,6.774036933,2.053078443,0.036160064,0,2.2088821,20.53078443,3.616006403,0.498638875,,,,,,,,,,,,,,,,,,,,,,
,,,,,,,,,,,,,,,,,,,,,,,,,,,,,,,,,,,,,
,,,,,,,,,,,,,,,,,,,,,,,,,,,,,,,,,,,,,
,,,,,,,,,,,,,,,,,,,,,,,,,,,,,,,,,,,,,
,,,,,,,,,,,,,,,,,,,,,,,,,,,,,,,,,,,,,
,,,,,,,,,,,,,,,,,,,,,,,,,,,,,,,,,,,,,
,,,,,,,,,,,,,,,,,,,,,,,,,,,,,,,,,,,,,